{"is_source_file": false, "format": "", "description": "", "external_files": [], "external_methods": [], "published": [], "classes": [], "methods": [], "calls": [], "search-terms": [], "state": 2, "file_id": 1, "knowledge_revision": 21, "git_revision": "47a60d15082003529cb71a346e4e9ce09467ad6d", "hash": "a679b7b53e032ddcdbe5d47140ad6612", "format-version": 4, "code-base-name": "video_streaming_frontend", "filename": "README.md", "revision_history": [{"21": "47a60d15082003529cb71a346e4e9ce09467ad6d"}]}