{"is_source_file": false, "format": "", "description": "", "external_files": [], "external_methods": [], "published": [], "classes": [], "methods": [], "calls": [], "search-terms": [], "state": 2, "file_id": 11, "knowledge_revision": 25, "git_revision": "c4f5b01528f7f5ea170f60c3c5c673fded48639e", "hash": "5f1228f93cb5a0eed3428fa4fe9b0b0b", "format-version": 4, "code-base-name": "video_streaming_frontend", "filename": "video_streaming_frontend/app/src/main/res/drawable/ic_launcher.xml", "revision_history": [{"25": "c4f5b01528f7f5ea170f60c3c5c673fded48639e"}]}