{"is_source_file": false, "format": "", "description": "", "external_files": [], "external_methods": [], "published": [], "classes": [], "methods": [], "calls": [], "search-terms": [], "state": 2, "file_id": 3, "knowledge_revision": 19, "git_revision": "c4f5b01528f7f5ea170f60c3c5c673fded48639e", "hash": "e333417ec1d5a66e2e1e7b7e0d07d4f2", "format-version": 4, "code-base-name": "video_streaming_frontend", "filename": "video_streaming_frontend/app/proguard-rules.pro", "revision_history": [{"19": "c4f5b01528f7f5ea170f60c3c5c673fded48639e"}]}