{"is_source_file": false, "format": "", "description": "", "external_files": [], "external_methods": [], "published": [], "classes": [], "methods": [], "calls": [], "search-terms": [], "state": 2, "file_id": 12, "knowledge_revision": 28, "git_revision": "c4f5b01528f7f5ea170f60c3c5c673fded48639e", "hash": "c2ea2f5f67653352f292722ac155400b", "format-version": 4, "code-base-name": "video_streaming_frontend", "filename": "video_streaming_frontend/app/src/main/res/layout/activity_main.xml", "revision_history": [{"28": "c4f5b01528f7f5ea170f60c3c5c673fded48639e"}]}