{"is_source_file": false, "format": null, "description": null, "external_files": [], "external_methods": [], "published": [], "classes": [], "methods": [], "calls": [], "search-terms": [], "state": 2, "file_id": 10, "knowledge_revision": 26, "git_revision": "c4f5b01528f7f5ea170f60c3c5c673fded48639e", "hash": "6ab3941ec634b65dd5adfb24b77e41ee", "format-version": 4, "code-base-name": "video_streaming_frontend", "filename": "video_streaming_frontend/app/src/main/res/drawable/app_banner.xml", "revision_history": [{"26": "c4f5b01528f7f5ea170f60c3c5c673fded48639e"}]}