{"is_source_file": true, "format": "Kotlin", "description": "Main Activity class for an Android TV application, extending FragmentActivity to handle TV remote key events and UI initialization.", "external_files": ["android.os.Bundle", "androidx.fragment.app.FragmentActivity", "android.view.KeyEvent", "android.widget.TextView"], "external_methods": ["setContentView", "findViewById", "super.onCreate", "super.onKeyDown", "finish"], "published": ["MainActivity"], "classes": [{"name": "MainActivity", "description": "Main activity for the Android TV frontend, managing UI setup and remote control input handling."}], "methods": [{"name": "onCreate", "description": "Initializes the activity, sets the layout, and updates the title TextView."}, {"name": "onKeyDown", "description": "Handles remote control key events such as ENTER, BACK, and D-PAD center."}], "calls": ["setContentView", "findViewById", "super.onCreate", "super.onKeyDown", "finish"], "search-terms": ["MainActivity.kt", "FragmentActivity", "android TV", "remote control input", "KEYCODE_DPAD_CENTER", "activity_main"], "state": 2, "file_id": 4, "knowledge_revision": 27, "git_revision": "c4f5b01528f7f5ea170f60c3c5c673fded48639e", "hash": "d0235be389fe10f5f84a9ce56a362f6f", "format-version": 4, "code-base-name": "video_streaming_frontend", "filename": "video_streaming_frontend/app/src/main/java/com/example/video_streaming_frontend/MainActivity.kt", "revision_history": [{"27": "c4f5b01528f7f5ea170f60c3c5c673fded48639e"}]}