{"is_source_file": false, "format": "", "description": "", "external_files": [], "external_methods": [], "published": [], "classes": [], "methods": [], "calls": [], "search-terms": [], "state": 2, "file_id": 14, "knowledge_revision": 30, "git_revision": "c4f5b01528f7f5ea170f60c3c5c673fded48639e", "hash": "3cb19f53a6d06fb061bfcd40c77b19a1", "format-version": 4, "code-base-name": "video_streaming_frontend", "filename": "video_streaming_frontend/app/build.gradle.kts", "revision_history": [{"30": "c4f5b01528f7f5ea170f60c3c5c673fded48639e"}]}