{"is_source_file": false, "format": "XML (Vector Drawable resource)", "description": "This file defines a vector drawable used as a fallback icon in an Android application's launcher. It specifies dimensions, viewport, and two path elements with fill colors and path data to render a specific icon graphic.", "external_files": [], "external_methods": [], "published": [], "classes": [], "methods": [], "calls": [], "search-terms": ["ic_launcher_fallback", "vector drawable", "XML drawable", "Android app icon"], "state": 2, "file_id": 6, "knowledge_revision": 23, "git_revision": "c4f5b01528f7f5ea170f60c3c5c673fded48639e", "hash": "2a295ade4ecb72584e74f76d584bfeff", "format-version": 4, "code-base-name": "video_streaming_frontend", "filename": "video_streaming_frontend/app/src/main/res/drawable-xhdpi/ic_launcher_fallback.xml", "revision_history": [{"23": "c4f5b01528f7f5ea170f60c3c5c673fded48639e"}]}