{"is_source_file": false, "format": "", "description": "", "external_files": [], "external_methods": [], "published": [], "classes": [], "methods": [], "calls": [], "search-terms": [], "state": 2, "file_id": 5, "knowledge_revision": 20, "git_revision": "c4f5b01528f7f5ea170f60c3c5c673fded48639e", "hash": "36f1425909b6253666aa18ec880ab723", "format-version": 4, "code-base-name": "video_streaming_frontend", "filename": "video_streaming_frontend/app/src/main/AndroidManifest.xml", "revision_history": [{"20": "c4f5b01528f7f5ea170f60c3c5c673fded48639e"}]}