{"is_source_file": false, "format": "", "description": "", "external_files": [], "external_methods": [], "published": [], "classes": [], "methods": [], "calls": [], "search-terms": [], "state": 2, "file_id": 2, "knowledge_revision": 17, "git_revision": "c4f5b01528f7f5ea170f60c3c5c673fded48639e", "hash": "10fc66907dcd304712304ad360269b75", "format-version": 4, "code-base-name": "video_streaming_frontend", "filename": "video_streaming_frontend/settings.gradle.kts", "revision_history": [{"17": "c4f5b01528f7f5ea170f60c3c5c673fded48639e"}]}