{"is_source_file": false, "format": "", "description": "", "external_files": [], "external_methods": [], "published": [], "classes": [], "methods": [], "calls": [], "search-terms": [], "state": 2, "file_id": 7, "knowledge_revision": 18, "git_revision": "c4f5b01528f7f5ea170f60c3c5c673fded48639e", "hash": "01a46d77b5fb84f1abe8f6d0d8eeec2f", "format-version": 4, "code-base-name": "video_streaming_frontend", "filename": "video_streaming_frontend/app/src/main/res/values/styles.xml", "revision_history": [{"18": "c4f5b01528f7f5ea170f60c3c5c673fded48639e"}]}