{"is_source_file": false, "format": null, "description": "", "external_files": [], "external_methods": [], "published": [], "classes": [], "methods": [], "calls": [], "search-terms": [], "state": 2, "file_id": 8, "knowledge_revision": 22, "git_revision": "c4f5b01528f7f5ea170f60c3c5c673fded48639e", "hash": "d1761571abb827681b4491412418c4f9", "format-version": 4, "code-base-name": "video_streaming_frontend", "filename": "video_streaming_frontend/app/src/main/res/values/colors.xml", "revision_history": [{"22": "c4f5b01528f7f5ea170f60c3c5c673fded48639e"}]}