{"is_source_file": false, "format": null, "description": "", "external_files": [], "external_methods": [], "published": [], "classes": [], "methods": [], "calls": [], "search-terms": [], "state": 2, "file_id": 9, "knowledge_revision": 24, "git_revision": "c4f5b01528f7f5ea170f60c3c5c673fded48639e", "hash": "8aab7c480bb503223a25fb80aedbaa53", "format-version": 4, "code-base-name": "video_streaming_frontend", "filename": "video_streaming_frontend/app/src/main/res/values/strings.xml", "revision_history": [{"24": "c4f5b01528f7f5ea170f60c3c5c673fded48639e"}]}