{"is_source_file": false, "format": "", "description": "", "external_files": [], "external_methods": [], "published": [], "classes": [], "methods": [], "calls": [], "search-terms": [], "state": 2, "file_id": 15, "knowledge_revision": 31, "git_revision": "c4f5b01528f7f5ea170f60c3c5c673fded48639e", "hash": "07ea995a7a7558b2702b67afe552b2d8", "format-version": 4, "code-base-name": "video_streaming_frontend", "filename": "video_streaming_frontend/build.gradle.kts", "revision_history": [{"31": "c4f5b01528f7f5ea170f60c3c5c673fded48639e"}]}